id,group,delay,routeId,type,scene,b,z
鱼群id,鱼群组合,刷新延迟(秒),路线ID,属性,场次,备注1,备注2
10001,"[1,1,1,1]",[0.35],"[101,102]",1,[1],第一个场次,
10002,"[2,2,2,2]",[0.35],"[101,102]",1,[1],,
10003,"[3,3,3,3]",[0.35],"[101,102]",1,[1],,
10004,"[4,4,4,4]",[0.35],"[101,102]",1,[1],,
10005,"[5,5,5,5]",[0.35],"[101,102]",1,[1],,
10006,"[8,6,6,6,6]",[0.35],"[101,102]",1,[1],,
10007,"[9,7,7,7,7]",[0.35],"[101,102]",1,[1],,
10008,"[11,10,10,10,10]",[0.35],"[101,102]",1,[1],,
10009,"[1,1,1,1]",[0.35],"[103,104]",1,[1],,
10010,"[2,2,2,2]",[0.35],"[103,104]",1,[1],,
10011,"[3,3,3,3]",[0.35],"[103,104]",1,[1],,
10012,"[4,4,4,4]",[0.35],"[103,104]",1,[1],,
10013,"[5,5,5,5]",[0.35],"[103,104]",1,[1],,
10014,"[8,6,6,6,6]",[0.35],"[103,104]",1,[1],,
10015,"[9,7,7,7,7]",[0.35],"[103,104]",1,[1],,
10016,"[11,10,10,10,10]",[0.35],"[103,104]",1,[1],,
10017,"[1,1,1,1]",[0.35],"[105,106]",1,[1],,
10018,"[2,2,2,2]",[0.35],"[105,106]",1,[1],,
10019,"[3,3,3,3]",[0.35],"[105,106]",1,[1],,
10020,"[4,4,4,4]",[0.35],"[105,106]",1,[1],,
10021,"[5,5,5,5]",[0.35],"[105,106]",1,[1],,
10022,"[8,6,6,6,6]",[0.35],"[105,106]",1,[1],,
10023,"[9,7,7,7,7]",[0.35],"[105,106]",1,[1],,
10024,"[11,10,10,10,10]",[0.35],"[105,106]",1,[1],三组鱼群  不间断,
11001,[12],,[201],1,[1],,
11002,[13],,[201],1,[1],,
11003,[14],,[201],1,[1],,
11004,[15],,[201],1,[1],,
11005,[16],,[201],1,[1],,
11006,[17],,[201],1,[1],,
11007,[18],,[201],1,[1],,
11008,[19],,[201],1,[1],,
11009,[20],,[201],1,[1],,
11010,[21],,[201],1,[1],,
11011,[22],,[201],1,[1],,
11012,[23],,[201],1,[1],1,
11013,[12],,[202],1,[1],,
11014,[13],,[202],1,[1],,
11015,[14],,[202],1,[1],,
11016,[15],,[202],1,[1],,
11017,[16],,[202],1,[1],,
11018,[17],,[202],1,[1],,
11019,[18],,[202],1,[1],,
11020,[19],,[202],1,[1],,
11021,[20],,[202],1,[1],,
11022,[21],,[202],1,[1],,
11023,[22],,[202],1,[1],,
11024,[23],,[202],1,[1],2,
11025,[12],,[203],1,[1],,
11026,[13],,[203],1,[1],,
11027,[14],,[203],1,[1],,
11028,[15],,[203],1,[1],,
11029,[16],,[203],1,[1],,
11030,[17],,[203],1,[1],,
11031,[18],,[203],1,[1],,
11032,[19],,[203],1,[1],,
11033,[20],,[203],1,[1],,
11034,[21],,[203],1,[1],,
11035,[22],,[203],1,[1],,
11036,[23],,[203],1,[1],3,
11037,[12],,[204],1,[1],,
11038,[13],,[204],1,[1],,
11039,[14],,[204],1,[1],,
11040,[15],,[204],1,[1],,
11041,[16],,[204],1,[1],,
11042,[17],,[204],1,[1],,
11043,[18],,[204],1,[1],,
11044,[19],,[204],1,[1],,
11045,[20],,[204],1,[1],,
11046,[21],,[204],1,[1],,
11047,[22],,[204],1,[1],,
11048,[23],,[204],1,[1],4,
11049,[12],,[205],1,[1],,
11050,[13],,[205],1,[1],,
11051,[14],,[205],1,[1],,
11052,[15],,[205],1,[1],,
11053,[16],,[205],1,[1],,
11054,[17],,[205],1,[1],,
11055,[18],,[205],1,[1],,
11056,[19],,[205],1,[1],,
11057,[20],,[205],1,[1],,
11058,[21],,[205],1,[1],,
11059,[22],,[205],1,[1],,
11060,[23],,[205],1,[1],5,五条
11061,[12],,[206],1,[1],,
11062,[13],,[206],1,[1],,
11063,[14],,[206],1,[1],,
11064,[15],,[206],1,[1],,
11065,[16],,[206],1,[1],,
11066,[17],,[206],1,[1],,
11067,[18],,[206],1,[1],,
11068,[19],,[206],1,[1],,
11069,[20],,[206],1,[1],,
11070,[21],,[206],1,[1],,
11071,[22],,[206],1,[1],,
11072,[23],,[206],1,[1],6,
11073,[12],,[207],1,[1],,
11074,[13],,[207],1,[1],,
11075,[14],,[207],1,[1],,
11076,[15],,[207],1,[1],,
11077,[16],,[207],1,[1],,
11078,[17],,[207],1,[1],,
11079,[18],,[207],1,[1],,
11080,[19],,[207],1,[1],,
11081,[20],,[207],1,[1],,
11082,[21],,[207],1,[1],,
11083,[22],,[207],1,[1],,
11084,[23],,[207],1,[1],7,
11085,[12],,[208],1,[1],,
11086,[13],,[208],1,[1],,
11087,[14],,[208],1,[1],,
11088,[15],,[208],1,[1],,
11089,[16],,[208],1,[1],,
11090,[17],,[208],1,[1],,
11091,[18],,[208],1,[1],,
11092,[19],,[208],1,[1],,
11093,[20],,[208],1,[1],,
11094,[21],,[208],1,[1],,
11095,[22],,[208],1,[1],,
11096,[23],,[208],1,[1],8,
11097,[12],,[209],1,[1],,
11098,[13],,[209],1,[1],,
11099,[14],,[209],1,[1],,
11100,[15],,[209],1,[1],,
11101,[16],,[209],1,[1],,
11102,[17],,[209],1,[1],,
11103,[18],,[209],1,[1],,
11104,[19],,[209],1,[1],,
11105,[20],,[209],1,[1],,
11106,[21],,[209],1,[1],,
11107,[22],,[209],1,[1],,
11108,[23],,[209],1,[1],9,
11109,[12],,[210],1,[1],,
11110,[13],,[210],1,[1],,
11111,[14],,[210],1,[1],,
11112,[15],,[210],1,[1],,
11113,[16],,[210],1,[1],,
11114,[17],,[210],1,[1],,
11115,[18],,[210],1,[1],,
11116,[19],,[210],1,[1],,
11117,[20],,[210],1,[1],,
11118,[21],,[210],1,[1],,
11119,[22],,[210],1,[1],,
11120,[23],,[210],1,[1],10,10条
12001,[24],,"[301,302]",1,[1],,
12002,[25],,"[301,302]",1,[1],,
12003,[26],,"[301,302]",1,[1],,
12004,[27],,"[301,302]",1,[1],场上随时保持一条技能鱼,
13001,[28],,"[401,402,403,404,405,406,407]",1,[1],,
13002,[29],,"[401,402,403,404,405,406,407]",1,[1],,
13003,[30],,"[401,402,403,404,405,406,407]",1,[1],,
13004,[31],,"[401,402,403,404,405,406,407]",1,[1],,
13005,[32],,"[401,402,403,404,405,406,407]",1,[1],,
13006,[33],,"[401,402,403,404,405,406,407]",1,[1],场上保持一条大鱼,
14001,[34],,"[501,502]",1,[1],,
14002,[35],,"[501,502]",1,[1],奖券或钻石定时刷新一只,
15001,[36],,"[601,602]",1,[1],,
15002,[37],,"[601,602]",1,[1],,
15003,[38],,"[601,602]",1,[1],特殊鱼定时刷新一只,
16001,[39],,[701],1,[1],,
16002,[40],,[702],1,[1],,
16003,[41],,[703],1,[1],BOSS定时刷新一只,
17001,"[15,15,15,15,15,15,15,15,15,15,15,15,15,15,15,15,15,15,15,15,15,15,15,15,15,15,15,15,15]","[2,2,2,2,2,2,2,2,2,2,2,2,2,2,2,2,2,2,2,2,2,2,2,2,2,2,2,2,2]",[801],1,"[1,2,3,4]",,
17002,"[97,97,97,97,97,97,97,97,97,36,97,97,97,97,97,97,97,97,97,36,97,97,97,97,97,97]","[2,2,2,2,2,2,2,2,2,2,2,2,2,2,2,2,2,2,2,2,2,2,2,2,2,2]",[802],1,"[1,2,3,4]",,
17003,"[138,138,138,138,138,138,138,138,138,138,138,138,138,138,138,138,138,138,138,138,138,138,138,138,138,138,138,138,138]","[2,2,2,2,2,2,2,2,2,2,2,2,2,2,2,2,2,2,2,2,2,2,2,2,2,2,2,2,2]",[803],1,"[1,2,3,4]",1号鱼潮、小鱼专属,
17004,"[6,6,6,6,6,6,6,6,6,6,6,6,6,6,6,6,6,6,6,6,6,6,6,6,6,6,6,6]","[1.8,1.8,1.8,1.8,1.8,1.8,1.8,1.8,1.8,1.8,1.8,1.8,1.8,1.8,1.8,1.8,1.8,1.8,1.8,1.8,1.8,1.8,1.8,1.8,1.8,1.8,1.8,1.8]",[804],1,"[1,2,3,4]",,
17005,"[24,25,26,27,24,25,26,27,24,25,26,27,24,25,26,27,24,25,26]","[3,3,3,3,3,3,3,3,3,3,3,3,3,3,3,3,3,3,3]",[805],1,"[1,2,3,4]",,
17006,"[7,7,7,7,7,7,7,7,7,7,7,7,7,7,7,7,7,7,7,7,7,7,7,7,7,7,7,7]","[0.9,1.8,1.8,1.8,1.8,1.8,1.8,1.8,1.8,1.8,1.8,1.8,1.8,1.8,1.8,1.8,1.8,1.8,1.8,1.8,1.8,1.8,1.8,1.8,1.8,1.8,1.8,1.8]",[806],1,"[1,2,3,4]",2号鱼潮  边缘小鱼保护中间大鱼,
17007,"[15,15,15,15,15,15,15,15,15,38,15,15,15,15,15,15,15,15,15,15,15,15,15,15,15,15,15,15,15,15]","[1.3,1.3,1.3,1.3,1.3,1.3,1.3,1.3,1.3,1.3,1.3,1.3,1.3,1.3,1.3,1.3,1.3,1.3,1.3,1.3,1.3,1.3,1.3,1.3,1.3,1.3,1.3,1.3,1.3,1.3]",[807],1,"[1,2,3,4]",,
17008,"[15,15,15,15,15,15,15,15,15,15,15,15,15,15,15,15,15,15,15,38,15,15,15,15,15,15,15,15,15,15]","[1.3,1.3,1.3,1.3,1.3,1.3,1.3,1.3,1.3,1.3,1.3,1.3,1.3,1.3,1.3,1.3,1.3,1.3,1.3,1.3,1.3,1.3,1.3,1.3,1.3,1.3,1.3,1.3,1.3,1.3]",[808],1,"[1,2,3,4]",3号鱼潮  螺旋转动后上下分散鱼群、适合小鱼,
17009,"[15,15,15,15,15,15,15,15,15,36,15,15,15,15,15,15,15,15,15,15,15,15,15,15,15,15,15,15]","[1.3,1.3,1.3,1.3,1.3,1.3,1.3,1.3,1.3,1.3,1.3,1.3,1.3,1.3,1.3,1.3,1.3,1.3,1.3,1.3,1.3,1.3,1.3,1.3,1.3,1.3,1.3,1.3]",[809],1,"[1,2,3,4]",,
17010,"[18,18,18,18,18,18,18,18,18,18,18,18]","[2.5,2.5,2.5,2.5,2.5,2.5,2.5,2.5,2.5,2.5,2.5,2.5]",[810],1,"[1,2,3,4]",4号鱼潮  从左到右交叉螺旋鱼潮,
17011,"[15,15,15,15,15,15,15,10,10,10,10,10,36,10,10,15,10,15,10,10,10,10,15,10,10,15,10,36,10]","[1.2,1.2,1.2,1.2,1.2,1.2,1.2,1.2,1.2,1.2,1.2,1.2,1.2,1.2,1.2,1.2,1.2,1.2,1.2,1.2,1.2,1.2,1.2,1.2,1.2,1.2,1.2,1.2,1.2]",[811],1,"[1,2,3,4]",,
17012,"[15,15,15,15,15,15,15,10,10,10,10,10,15,10,10,15,10,36,10,10,10,10,15,10,10,15,10,15,10]","[1.2,1.2,1.2,1.2,1.2,1.2,1.2,1.2,1.2,1.2,1.2,1.2,1.2,1.2,1.2,1.2,1.2,1.2,1.2,1.2,1.2,1.2,1.2,1.2,1.2,1.2,1.2,1.2,1.2]",[812],1,"[1,2,3,4]",5号鱼潮  左右单独螺旋上升、适合小鱼,
17013,"[15,15,15,15,15,36,15,15,15,15,15,15,15,15,15,15,15,15,15,15,15,15,15,15]","[1.5,1.5,1.5,1.5,1.5,1.5,1.5,1.5,1.5,1.5,1.5,1.5,1.5,1.5,1.5,1.5,1.5,1.5,1.5,1.5,1.5,1.5,1.5,1.5]",[813],1,"[1,2,3,4]",,
17014,"[15,15,15,15,15,15,15,15,15,15,15,15,15,15,15,36,15,15,15,15,15,15,15,15]","[1.5,1.5,1.5,1.5,1.5,1.5,1.5,1.5,1.5,1.5,1.5,1.5,1.5,1.5,1.5,1.5,1.5,1.5,1.5,1.5,1.5,1.5,1.5,1.5]",[814],1,"[1,2,3,4]",6号鱼潮  螺旋小鱼鱼潮,
17015,"[13,13,13,13,13,13,36,13,13,13,13,13,13,13,13,13,13,13,13,13,13,13,13,13,13,13,36,13,13,13]","[1.3,1.3,1.3,1.3,1.3,1.3,1.3,1.3,1.3,1.3,1.3,1.3,1.3,1.3,1.3,1.3,1.3,1.3,1.3,1.3,1.3,1.3,1.3,1.3,1.3,1.3,1.3,1.3,1.3,1.3]",[815],1,"[1,2,3,4]",,
17016,"[14,14,14,14,14,14,14,14,14,14,14,14,14,14,14,14,36,14,14,14,14,14,14,14,14,14,14,14,14,14]","[1.3,1.3,1.3,1.3,1.3,1.3,1.3,1.3,1.3,1.3,1.3,1.3,1.3,1.3,1.3,1.3,1.3,1.3,1.3,1.3,1.3,1.3,1.3,1.3,1.3,1.3,1.3,1.3,1.3,1.3]",[816],1,"[1,2,3,4]",7号鱼潮   X型螺旋鱼潮、适合小鱼,
17017,"[17,17,17,17,17,17,36,17,17,17,17,17,17,17,17,17,17,17,17,17,17,17,36,17,17,17,17,17,17,17,17,17,17,17,17,17,17,17]","[2,2,2,2,2,2,2,2,2,2,2,2,2,2,2,2,2,2,2,2,2,2,2,2,2,2,2,2,2,2,2,2,2,2,2,2,2,2]",[817],1,"[1,2,3,4]",,
17018,"[17,17,17,17,17,17,17,17,17,17,17,17,17,17,36,17,17,17,17,17,17,17,17,17,17,17,17,17,17,17,36,17,17,17,17,17,17,17]","[2,2,2,2,2,2,2,2,2,2,2,2,2,2,2,2,2,2,2,2,2,2,2,2,2,2,2,2,2,2,2,2,2,2,2,2,2,2]",[818],1,"[1,2,3,4]",8号鱼潮   从中间向左右上下浮动鱼潮、适合小鱼,
20001,"[42,42,42,42]",[0.35],"[101,102]",1,[2],第二个场次,
20002,"[43,43,43,43]",[0.35],"[101,102]",1,[2],,
20003,"[44,44,44,44]",[0.35],"[101,102]",1,[2],,
20004,"[45,45,45,45]",[0.35],"[101,102]",1,[2],,
20005,"[46,46,46,46]",[0.35],"[101,102]",1,[2],,
20006,"[49,47,47,47,47]",[0.35],"[101,102]",1,[2],,
20007,"[50,48,48,48,48]",[0.35],"[101,102]",1,[2],,
20008,"[52,51,51,51,51]",[0.35],"[101,102]",1,[2],,
20009,"[42,42,42,42]",[0.35],"[103,104]",1,[2],,
20010,"[43,43,43,43]",[0.35],"[103,104]",1,[2],,
20011,"[44,44,44,44]",[0.35],"[103,104]",1,[2],,
20012,"[45,45,45,45]",[0.35],"[103,104]",1,[2],,
20013,"[46,46,46,46]",[0.35],"[103,104]",1,[2],,
20014,"[49,47,47,47,47]",[0.35],"[103,104]",1,[2],,
20015,"[50,48,48,48,48]",[0.35],"[103,104]",1,[2],,
20016,"[52,51,51,51,51]",[0.35],"[103,104]",1,[2],,
20017,"[42,42,42,42]",[0.35],"[105,106]",1,[2],,
20018,"[43,43,43,43]",[0.35],"[105,106]",1,[2],,
20019,"[44,44,44,44]",[0.35],"[105,106]",1,[2],,
20020,"[45,45,45,45]",[0.35],"[105,106]",1,[2],,
20021,"[46,46,46,46]",[0.35],"[105,106]",1,[2],,
20022,"[49,47,47,47,47]",[0.35],"[105,106]",1,[2],,
20023,"[50,48,48,48,48]",[0.35],"[105,106]",1,[2],,
20024,"[52,51,51,51,51]",[0.35],"[105,106]",1,[2],三组鱼群  不间断,
21001,[53],,[201],1,[2],,
21002,[54],,[201],1,[2],,
21003,[55],,[201],1,[2],,
21004,[56],,[201],1,[2],,
21005,[57],,[201],1,[2],,
21006,[58],,[201],1,[2],,
21007,[59],,[201],1,[2],,
21008,[60],,[201],1,[2],,
21009,[61],,[201],1,[2],,
21010,[62],,[201],1,[2],,
21011,[63],,[201],1,[2],,
21012,[64],,[201],1,[2],1,
21013,[53],,[202],1,[2],,
21014,[54],,[202],1,[2],,
21015,[55],,[202],1,[2],,
21016,[56],,[202],1,[2],,
21017,[57],,[202],1,[2],,
21018,[58],,[202],1,[2],,
21019,[59],,[202],1,[2],,
21020,[60],,[202],1,[2],,
21021,[61],,[202],1,[2],,
21022,[62],,[202],1,[2],,
21023,[63],,[202],1,[2],,
21024,[64],,[202],1,[2],2,
21025,[53],,[203],1,[2],,
21026,[54],,[203],1,[2],,
21027,[55],,[203],1,[2],,
21028,[56],,[203],1,[2],,
21029,[57],,[203],1,[2],,
21030,[58],,[203],1,[2],,
21031,[59],,[203],1,[2],,
21032,[60],,[203],1,[2],,
21033,[61],,[203],1,[2],,
21034,[62],,[203],1,[2],,
21035,[63],,[203],1,[2],,
21036,[64],,[203],1,[2],3,
21037,[53],,[204],1,[2],,
21038,[54],,[204],1,[2],,
21039,[55],,[204],1,[2],,
21040,[56],,[204],1,[2],,
21041,[57],,[204],1,[2],,
21042,[58],,[204],1,[2],,
21043,[59],,[204],1,[2],,
21044,[60],,[204],1,[2],,
21045,[61],,[204],1,[2],,
21046,[62],,[204],1,[2],,
21047,[63],,[204],1,[2],,
21048,[64],,[204],1,[2],4,
21049,[53],,[205],1,[2],,
21050,[54],,[205],1,[2],,
21051,[55],,[205],1,[2],,
21052,[56],,[205],1,[2],,
21053,[57],,[205],1,[2],,
21054,[58],,[205],1,[2],,
21055,[59],,[205],1,[2],,
21056,[60],,[205],1,[2],,
21057,[61],,[205],1,[2],,
21058,[62],,[205],1,[2],,
21059,[63],,[205],1,[2],,
21060,[64],,[205],1,[2],5,五条
21061,[53],,[206],1,[2],,
21062,[54],,[206],1,[2],,
21063,[55],,[206],1,[2],,
21064,[56],,[206],1,[2],,
21065,[57],,[206],1,[2],,
21066,[58],,[206],1,[2],,
21067,[59],,[206],1,[2],,
21068,[60],,[206],1,[2],,
21069,[61],,[206],1,[2],,
21070,[62],,[206],1,[2],,
21071,[63],,[206],1,[2],,
21072,[64],,[206],1,[2],6,
21073,[53],,[207],1,[2],,
21074,[54],,[207],1,[2],,
21075,[55],,[207],1,[2],,
21076,[56],,[207],1,[2],,
21077,[57],,[207],1,[2],,
21078,[58],,[207],1,[2],,
21079,[59],,[207],1,[2],,
21080,[60],,[207],1,[2],,
21081,[61],,[207],1,[2],,
21082,[62],,[207],1,[2],,
21083,[63],,[207],1,[2],,
21084,[64],,[207],1,[2],7,
21085,[53],,[208],1,[2],,
21086,[54],,[208],1,[2],,
21087,[55],,[208],1,[2],,
21088,[56],,[208],1,[2],,
21089,[57],,[208],1,[2],,
21090,[58],,[208],1,[2],,
21091,[59],,[208],1,[2],,
21092,[60],,[208],1,[2],,
21093,[61],,[208],1,[2],,
21094,[62],,[208],1,[2],,
21095,[63],,[208],1,[2],,
21096,[64],,[208],1,[2],8,
21097,[53],,[209],1,[2],,
21098,[54],,[209],1,[2],,
21099,[55],,[209],1,[2],,
21100,[56],,[209],1,[2],,
21101,[57],,[209],1,[2],,
21102,[58],,[209],1,[2],,
21103,[59],,[209],1,[2],,
21104,[60],,[209],1,[2],,
21105,[61],,[209],1,[2],,
21106,[62],,[209],1,[2],,
21107,[63],,[209],1,[2],,
21108,[64],,[209],1,[2],9,
21109,[53],,[210],1,[2],,
21110,[54],,[210],1,[2],,
21111,[55],,[210],1,[2],,
21112,[56],,[210],1,[2],,
21113,[57],,[210],1,[2],,
21114,[58],,[210],1,[2],,
21115,[59],,[210],1,[2],,
21116,[60],,[210],1,[2],,
21117,[61],,[210],1,[2],,
21118,[62],,[210],1,[2],,
21119,[63],,[210],1,[2],,
21120,[64],,[210],1,[2],10,10条
22001,[65],,"[301,302]",1,[2],,
22002,[66],,"[301,302]",1,[2],,
22003,[67],,"[301,302]",1,[2],,
22004,[68],,"[301,302]",1,[2],场上随时保持一条技能鱼,
23001,[69],,"[401,402,403,404,405,406,407]",1,[2],,
23002,[70],,"[401,402,403,404,405,406,407]",1,[2],,
23003,[71],,"[401,402,403,404,405,406,407]",1,[2],,
23004,[72],,"[401,402,403,404,405,406,407]",1,[2],,
23005,[73],,"[401,402,403,404,405,406,407]",1,[2],,
23006,[74],,"[401,402,403,404,405,406,407]",1,[2],场上保持一条大鱼,
24001,[75],,"[501,502]",1,[2],,
24002,[76],,"[501,502]",1,[2],奖券或钻石定时刷新一只,
25001,[77],,"[601,602]",1,[2],,
25002,[78],,"[601,602]",1,[2],,
25003,[79],,"[601,602]",1,[2],特殊鱼保证一只,
26001,[80],,[704],1,[2],,
26002,[81],,[705],1,[2],,
26003,[82],,[706],1,[2],BOSS定时刷新一只,
27001,"[42,42,42,42,42,42,42,42,42,42,77,42,42,42,42,42,42,42,42,42,42,77,42,42,42,42,42,42,42,42,42,42,77,42,42,42,42,42,42,42,42,42,42]","[0.5,0.5,0.5,0.5,0.5,0.5,0.5,0.5,0.5,0.5,0.5,0.5,0.5,0.5,0.5,0.5,0.5,0.5,0.5,0.5,0.5,0.5,0.5,0.5,0.5,0.5,0.5,0.5,0.5,0.5,0.5,0.5,0.5]","[801,802,803,804,805,806,807,808]",1,[2],,
27002,"[43,43,43,43,43,43,43,43,43,43,77,43,43,43,43,43,43,43,43,43,43,77,43,43,43,43,43,43,43,43,43,43,77,43,43,43,43,43,43,43,43,43,43]","[0.5,0.5,0.5,0.5,0.5,0.5,0.5,0.5,0.5,0.5,0.5,0.5,0.5,0.5,0.5,0.5,0.5,0.5,0.5,0.5,0.5,0.5,0.5,0.5,0.5,0.5,0.5,0.5,0.5,0.5,0.5,0.5,0.5]","[801,802,803,804,805,806,807,808]",1,[2],,
27003,"[44,44,44,44,44,44,44,44,44,44,77,44,44,44,44,44,44,44,44,44,44,77,44,44,44,44,44,44,44,44,44,44,77,44,44,44,44,44,44,44,44,44,44]","[0.5,0.5,0.5,0.5,0.5,0.5,0.5,0.5,0.5,0.5,0.5,0.5,0.5,0.5,0.5,0.5,0.5,0.5,0.5,0.5,0.5,0.5,0.5,0.5,0.5,0.5,0.5,0.5,0.5,0.5,0.5,0.5,0.5]","[801,802,803,804,805,806,807,808]",1,[2],,
27004,"[45,45,45,45,45,45,45,45,45,45,77,45,45,45,45,45,45,45,45,45,45,77,45,45,45,45,45,45,45,45,45,45,77,45,45,45,45,45,45,45,45,45,45]","[0.5,0.5,0.5,0.5,0.5,0.5,0.5,0.5,0.5,0.5,0.5,0.5,0.5,0.5,0.5,0.5,0.5,0.5,0.5,0.5,0.5,0.5,0.5,0.5,0.5,0.5,0.5,0.5,0.5,0.5,0.5,0.5,0.5]","[801,802,803,804,805,806,807,808]",1,[2],,
27005,"[46,46,46,46,46,46,46,46,46,46,77,46,46,46,46,46,46,46,46,46,46,77,46,46,46,46,46,46,46,46,46,46,77,46,46,46,46,46,46,46,46,46,46]","[0.5,0.5,0.5,0.5,0.5,0.5,0.5,0.5,0.5,0.5,0.5,0.5,0.5,0.5,0.5,0.5,0.5,0.5,0.5,0.5,0.5,0.5,0.5,0.5,0.5,0.5,0.5,0.5,0.5,0.5,0.5,0.5,0.5]","[801,802,803,804,805,806,807,808]",1,[2],鱼潮,
30001,"[83,83,83,83]",[0.35],"[101,102]",1,[3],第三个场次,
30002,"[84,84,84,84]",[0.35],"[101,102]",1,[3],,
30003,"[85,85,85,85]",[0.35],"[101,102]",1,[3],,
30004,"[86,86,86,86]",[0.35],"[101,102]",1,[3],,
30005,"[87,87,87,87]",[0.35],"[101,102]",1,[3],,
30006,"[90,89,89,89,89]",[0.35],"[101,102]",1,[3],,
30007,"[91,88,88,88,88]",[0.35],"[101,102]",1,[3],,
30008,"[93,92,92,92,92]",[0.35],"[101,102]",1,[3],,
30009,"[83,83,83,83]",[0.35],"[103,104]",1,[3],,
30010,"[84,84,84,84]",[0.35],"[103,104]",1,[3],,
30011,"[85,85,85,85]",[0.35],"[103,104]",1,[3],,
30012,"[86,86,86,86]",[0.35],"[103,104]",1,[3],,
30013,"[87,87,87,87]",[0.35],"[103,104]",1,[3],,
30014,"[90,89,89,89,89]",[0.35],"[103,104]",1,[3],,
30015,"[91,88,88,88,88]",[0.35],"[103,104]",1,[3],,
30016,"[93,92,92,92,92]",[0.35],"[103,104]",1,[3],,
30017,"[83,83,83,83]",[0.35],"[105,106]",1,[3],,
30018,"[84,84,84,84]",[0.35],"[105,106]",1,[3],,
30019,"[85,85,85,85]",[0.35],"[105,106]",1,[3],,
30020,"[86,86,86,86]",[0.35],"[105,106]",1,[3],,
30021,"[87,87,87,87]",[0.35],"[105,106]",1,[3],,
30022,"[90,89,89,89,89]",[0.35],"[105,106]",1,[3],,
30023,"[91,88,88,88,88]",[0.35],"[105,106]",1,[3],,
30024,"[93,92,92,92,92]",[0.35],"[105,106]",1,[3],三组鱼群  不间断,
31001,[94],,[201],1,[3],,
31002,[95],,[201],1,[3],,
31003,[96],,[201],1,[3],,
31004,[97],,[201],1,[3],,
31005,[98],,[201],1,[3],,
31006,[99],,[201],1,[3],,
31007,[100],,[201],1,[3],,
31008,[101],,[201],1,[3],,
31009,[102],,[201],1,[3],,
31010,[103],,[201],1,[3],,
31011,[104],,[201],1,[3],,
31012,[105],,[201],1,[3],1,
31013,[94],,[202],1,[3],,
31014,[95],,[202],1,[3],,
31015,[96],,[202],1,[3],,
31016,[97],,[202],1,[3],,
31017,[98],,[202],1,[3],,
31018,[99],,[202],1,[3],,
31019,[100],,[202],1,[3],,
31020,[101],,[202],1,[3],,
31021,[102],,[202],1,[3],,
31022,[103],,[202],1,[3],,
31023,[104],,[202],1,[3],,
31024,[105],,[202],1,[3],2,
31025,[94],,[203],1,[3],,
31026,[95],,[203],1,[3],,
31027,[96],,[203],1,[3],,
31028,[97],,[203],1,[3],,
31029,[98],,[203],1,[3],,
31030,[99],,[203],1,[3],,
31031,[100],,[203],1,[3],,
31032,[101],,[203],1,[3],,
31033,[102],,[203],1,[3],,
31034,[103],,[203],1,[3],,
31035,[104],,[203],1,[3],,
31036,[105],,[203],1,[3],3,
31037,[94],,[204],1,[3],,
31038,[95],,[204],1,[3],,
31039,[96],,[204],1,[3],,
31040,[97],,[204],1,[3],,
31041,[98],,[204],1,[3],,
31042,[99],,[204],1,[3],,
31043,[100],,[204],1,[3],,
31044,[101],,[204],1,[3],,
31045,[102],,[204],1,[3],,
31046,[103],,[204],1,[3],,
31047,[104],,[204],1,[3],,
31048,[105],,[204],1,[3],4,
31049,[94],,[205],1,[3],,
31050,[95],,[205],1,[3],,
31051,[96],,[205],1,[3],,
31052,[97],,[205],1,[3],,
31053,[98],,[205],1,[3],,
31054,[99],,[205],1,[3],,
31055,[100],,[205],1,[3],,
31056,[101],,[205],1,[3],,
31057,[102],,[205],1,[3],,
31058,[103],,[205],1,[3],,
31059,[104],,[205],1,[3],,
31060,[105],,[205],1,[3],5,五条
31061,[94],,[206],1,[3],,
31062,[95],,[206],1,[3],,
31063,[96],,[206],1,[3],,
31064,[97],,[206],1,[3],,
31065,[98],,[206],1,[3],,
31066,[99],,[206],1,[3],,
31067,[100],,[206],1,[3],,
31068,[101],,[206],1,[3],,
31069,[102],,[206],1,[3],,
31070,[103],,[206],1,[3],,
31071,[104],,[206],1,[3],,
31072,[105],,[206],1,[3],6,
31073,[94],,[207],1,[3],,
31074,[95],,[207],1,[3],,
31075,[96],,[207],1,[3],,
31076,[97],,[207],1,[3],,
31077,[98],,[207],1,[3],,
31078,[99],,[207],1,[3],,
31079,[100],,[207],1,[3],,
31080,[101],,[207],1,[3],,
31081,[102],,[207],1,[3],,
31082,[103],,[207],1,[3],,
31083,[104],,[207],1,[3],,
31084,[105],,[207],1,[3],7,
31085,[94],,[208],1,[3],,
31086,[95],,[208],1,[3],,
31087,[96],,[208],1,[3],,
31088,[97],,[208],1,[3],,
31089,[98],,[208],1,[3],,
31090,[99],,[208],1,[3],,
31091,[100],,[208],1,[3],,
31092,[101],,[208],1,[3],,
31093,[102],,[208],1,[3],,
31094,[103],,[208],1,[3],,
31095,[104],,[208],1,[3],,
31096,[105],,[208],1,[3],8,
31097,[94],,[209],1,[3],,
31098,[95],,[209],1,[3],,
31099,[96],,[209],1,[3],,
31100,[97],,[209],1,[3],,
31101,[98],,[209],1,[3],,
31102,[99],,[209],1,[3],,
31103,[100],,[209],1,[3],,
31104,[101],,[209],1,[3],,
31105,[102],,[209],1,[3],,
31106,[103],,[209],1,[3],,
31107,[104],,[209],1,[3],,
31108,[105],,[209],1,[3],9,
31109,[94],,[210],1,[3],,
31110,[95],,[210],1,[3],,
31111,[96],,[210],1,[3],,
31112,[97],,[210],1,[3],,
31113,[98],,[210],1,[3],,
31114,[99],,[210],1,[3],,
31115,[100],,[210],1,[3],,
31116,[101],,[210],1,[3],,
31117,[102],,[210],1,[3],,
31118,[103],,[210],1,[3],,
31119,[104],,[210],1,[3],,
31120,[105],,[210],1,[3],10,10条
32001,[106],,"[301,302]",1,[3],,
32002,[107],,"[301,302]",1,[3],,
32003,[108],,"[301,302]",1,[3],,
32004,[109],,"[301,302]",1,[3],场上随时保持一条技能鱼,
33001,[110],,"[401,402,403]",1,[3],,
33002,[111],,"[401,402,403]",1,[3],,
33003,[112],,"[401,402,403]",1,[3],,
33004,[113],,"[401,402,403]",1,[3],,
33005,[114],,"[401,402,403]",1,[3],,
33006,[115],,"[401,402,403]",1,[3],,
33007,[110],,"[404,405,406,407]",1,[3],,
33008,[111],,"[404,405,406,407]",1,[3],,
33009,[112],,"[404,405,406,407]",1,[3],,
33010,[113],,"[404,405,406,407]",1,[3],,
33011,[114],,"[404,405,406,407]",1,[3],,
33012,[115],,"[404,405,406,407]",1,[3],场上保证两条大鱼,
34001,[116],,"[501,502]",1,[3],,
34002,[117],,"[501,502]",1,[3],奖券或钻石定时刷新一只,
35001,[118],,"[601,602]",1,[3],,
35002,[119],,"[601,602]",1,[3],,
35003,[120],,"[601,602]",1,[3],特殊鱼保证一只,
36001,[121],,[707],1,[3],,
36002,[122],,[708],1,[3],,
36003,[123],,[709],1,[3],BOSS定时刷新一只,
37001,"[83,83,83,83,83,83,83,83,83,83,118,83,83,83,83,83,83,83,83,83,83,118,83,83,83,83,83,83,83,83,83,83,118,83,83,83,83,83,83,83,83,83,83]","[0.5,0.5,0.5,0.5,0.5,0.5,0.5,0.5,0.5,0.5,0.5,0.5,0.5,0.5,0.5,0.5,0.5,0.5,0.5,0.5,0.5,0.5,0.5,0.5,0.5,0.5,0.5,0.5,0.5,0.5,0.5,0.5,0.5]","[801,802,803,804,805,806,807,808]",1,[3],,
37002,"[84,84,84,84,84,84,84,84,84,84,118,84,84,84,84,84,84,84,84,84,84,118,84,84,84,84,84,84,84,84,84,84,118,84,84,84,84,84,84,84,84,84,84]","[0.5,0.5,0.5,0.5,0.5,0.5,0.5,0.5,0.5,0.5,0.5,0.5,0.5,0.5,0.5,0.5,0.5,0.5,0.5,0.5,0.5,0.5,0.5,0.5,0.5,0.5,0.5,0.5,0.5,0.5,0.5,0.5,0.5]","[801,802,803,804,805,806,807,808]",1,[3],,
37003,"[85,85,85,85,85,85,85,85,85,85,118,85,85,85,85,85,85,85,85,85,85,118,85,85,85,85,85,85,85,85,85,85,118,85,85,85,85,85,85,85,85,85,85]","[0.5,0.5,0.5,0.5,0.5,0.5,0.5,0.5,0.5,0.5,0.5,0.5,0.5,0.5,0.5,0.5,0.5,0.5,0.5,0.5,0.5,0.5,0.5,0.5,0.5,0.5,0.5,0.5,0.5,0.5,0.5,0.5,0.5]","[801,802,803,804,805,806,807,808]",1,[3],,
37004,"[86,86,86,86,86,86,86,86,86,86,118,86,86,86,86,86,86,86,86,86,86,118,86,86,86,86,86,86,86,86,86,86,118,86,86,86,86,86,86,86,86,86,86]","[0.5,0.5,0.5,0.5,0.5,0.5,0.5,0.5,0.5,0.5,0.5,0.5,0.5,0.5,0.5,0.5,0.5,0.5,0.5,0.5,0.5,0.5,0.5,0.5,0.5,0.5,0.5,0.5,0.5,0.5,0.5,0.5,0.5]","[801,802,803,804,805,806,807,808]",1,[3],,
37005,"[87,87,87,87,87,87,87,87,87,87,118,87,87,87,87,87,87,87,87,87,87,118,87,87,87,87,87,87,87,87,87,87,118,87,87,87,87,87,87,87,87,87,87]","[0.5,0.5,0.5,0.5,0.5,0.5,0.5,0.5,0.5,0.5,0.5,0.5,0.5,0.5,0.5,0.5,0.5,0.5,0.5,0.5,0.5,0.5,0.5,0.5,0.5,0.5,0.5,0.5,0.5,0.5,0.5,0.5,0.5]","[801,802,803,804,805,806,807,808]",1,[3],鱼潮,
40001,"[124,124,124,124]",[0.35],"[101,102]",1,[4],第4个场次,
40002,"[125,125,125,125]",[0.35],"[101,102]",1,[4],,
40003,"[126,126,126,126]",[0.35],"[101,102]",1,[4],,
40004,"[127,127,127,127]",[0.35],"[101,102]",1,[4],,
40005,"[128,128,128,128]",[0.35],"[101,102]",1,[4],,
40006,"[131,129,129,129,129]",[0.35],"[101,102]",1,[4],,
40007,"[132,130,130,130,130]",[0.35],"[101,102]",1,[4],,
40008,"[134,133,133,133,133]",[0.35],"[101,102]",1,[4],,
40009,"[124,124,124,124]",[0.35],"[103,104]",1,[4],,
40010,"[125,125,125,125]",[0.35],"[103,104]",1,[4],,
40011,"[126,126,126,126]",[0.35],"[103,104]",1,[4],,
40012,"[127,127,127,127]",[0.35],"[103,104]",1,[4],,
40013,"[128,128,128,128]",[0.35],"[103,104]",1,[4],,
40014,"[131,129,129,129,129]",[0.35],"[103,104]",1,[4],,
40015,"[132,130,130,130,130]",[0.35],"[103,104]",1,[4],,
40016,"[134,133,133,133,133]",[0.35],"[103,104]",1,[4],,
40017,"[124,124,124,124]",[0.35],"[105,106]",1,[4],,
40018,"[125,125,125,125]",[0.35],"[105,106]",1,[4],,
40019,"[126,126,126,126]",[0.35],"[105,106]",1,[4],,
40020,"[127,127,127,127]",[0.35],"[105,106]",1,[4],,
40021,"[128,128,128,128]",[0.35],"[105,106]",1,[4],,
40022,"[131,129,129,129,129]",[0.35],"[105,106]",1,[4],,
40023,"[132,130,130,130,130]",[0.35],"[105,106]",1,[4],,
40024,"[134,133,133,133,133]",[0.35],"[105,106]",1,[4],三组鱼群  不间断,
41001,[135],,[201],1,[4],,
41002,[136],,[201],1,[4],,
41003,[137],,[201],1,[4],,
41004,[138],,[201],1,[4],,
41005,[139],,[201],1,[4],,
41006,[140],,[201],1,[4],,
41007,[141],,[201],1,[4],,
41008,[142],,[201],1,[4],,
41009,[143],,[201],1,[4],,
41010,[144],,[201],1,[4],,
41011,[145],,[201],1,[4],,
41012,[146],,[201],1,[4],1,
41013,[135],,[202],1,[4],,
41014,[136],,[202],1,[4],,
41015,[137],,[202],1,[4],,
41016,[138],,[202],1,[4],,
41017,[139],,[202],1,[4],,
41018,[140],,[202],1,[4],,
41019,[141],,[202],1,[4],,
41020,[142],,[202],1,[4],,
41021,[143],,[202],1,[4],,
41022,[144],,[202],1,[4],,
41023,[145],,[202],1,[4],,
41024,[146],,[202],1,[4],2,
41025,[135],,[203],1,[4],,
41026,[136],,[203],1,[4],,
41027,[137],,[203],1,[4],,
41028,[138],,[203],1,[4],,
41029,[139],,[203],1,[4],,
41030,[140],,[203],1,[4],,
41031,[141],,[203],1,[4],,
41032,[142],,[203],1,[4],,
41033,[143],,[203],1,[4],,
41034,[144],,[203],1,[4],,
41035,[145],,[203],1,[4],,
41036,[146],,[203],1,[4],3,
41037,[135],,[204],1,[4],,
41038,[136],,[204],1,[4],,
41039,[137],,[204],1,[4],,
41040,[138],,[204],1,[4],,
41041,[139],,[204],1,[4],,
41042,[140],,[204],1,[4],,
41043,[141],,[204],1,[4],,
41044,[142],,[204],1,[4],,
41045,[143],,[204],1,[4],,
41046,[144],,[204],1,[4],,
41047,[145],,[204],1,[4],,
41048,[146],,[204],1,[4],4,
41049,[135],,[205],1,[4],,
41050,[136],,[205],1,[4],,
41051,[137],,[205],1,[4],,
41052,[138],,[205],1,[4],,
41053,[139],,[205],1,[4],,
41054,[140],,[205],1,[4],,
41055,[141],,[205],1,[4],,
41056,[142],,[205],1,[4],,
41057,[143],,[205],1,[4],,
41058,[144],,[205],1,[4],,
41059,[145],,[205],1,[4],,
41060,[146],,[205],1,[4],5,
41061,[135],,[206],1,[3],,
41062,[136],,[206],1,[3],,
41063,[137],,[206],1,[3],,
41064,[138],,[206],1,[3],,
41065,[139],,[206],1,[3],,
41066,[140],,[206],1,[3],,
41067,[141],,[206],1,[3],,
41068,[142],,[206],1,[3],,
41069,[143],,[206],1,[3],,
41070,[144],,[206],1,[3],,
41071,[145],,[206],1,[3],,
41072,[146],,[206],1,[3],6,
41073,[135],,[207],1,[3],,
41074,[136],,[207],1,[3],,
41075,[137],,[207],1,[3],,
41076,[138],,[207],1,[3],,
41077,[139],,[207],1,[3],,
41078,[140],,[207],1,[3],,
41079,[141],,[207],1,[3],,
41080,[142],,[207],1,[3],,
41081,[143],,[207],1,[3],,
41082,[144],,[207],1,[3],,
41083,[145],,[207],1,[3],,
41084,[146],,[207],1,[3],7,
41085,[135],,[208],1,[3],,
41086,[136],,[208],1,[3],,
41087,[137],,[208],1,[3],,
41088,[138],,[208],1,[3],,
41089,[139],,[208],1,[3],,
41090,[140],,[208],1,[3],,
41091,[141],,[208],1,[3],,
41092,[142],,[208],1,[3],,
41093,[143],,[208],1,[3],,
41094,[144],,[208],1,[3],,
41095,[145],,[208],1,[3],,
41096,[146],,[208],1,[3],8,
41097,[135],,[209],1,[3],,
41098,[136],,[209],1,[3],,
41099,[137],,[209],1,[3],,
41100,[138],,[209],1,[3],,
41101,[139],,[209],1,[3],,
41102,[140],,[209],1,[3],,
41103,[141],,[209],1,[3],,
41104,[142],,[209],1,[3],,
41105,[143],,[209],1,[3],,
41106,[144],,[209],1,[3],,
41107,[145],,[209],1,[3],,
41108,[146],,[209],1,[3],9,
41109,[135],,[210],1,[3],,
41110,[136],,[210],1,[3],,
41111,[137],,[210],1,[3],,
41112,[138],,[210],1,[3],,
41113,[139],,[210],1,[3],,
41114,[140],,[210],1,[3],,
41115,[141],,[210],1,[3],,
41116,[142],,[210],1,[3],,
41117,[143],,[210],1,[3],,
41118,[144],,[210],1,[3],,
41119,[145],,[210],1,[3],,
41120,[146],,[210],1,[3],10,10条
42001,[147],,"[301,302]",1,[4],,
42002,[148],,"[301,302]",1,[4],,
42003,[149],,"[301,302]",1,[4],,
42004,[150],,"[301,302]",1,[4],场上随时保持一条技能鱼,
43001,[151],,"[401,402,403]",1,[4],,
43002,[152],,"[401,402,403]",1,[4],,
43003,[153],,"[401,402,403]",1,[4],,
43004,[154],,"[401,402,403]",1,[4],,
43005,[155],,"[401,402,403]",1,[4],,
43006,[156],,"[401,402,403]",1,[4],,
43007,[151],,"[404,405,406,407]",1,[4],,
43008,[152],,"[404,405,406,407]",1,[4],,
43009,[153],,"[404,405,406,407]",1,[4],,
43010,[154],,"[404,405,406,407]",1,[4],,
43011,[155],,"[404,405,406,407]",1,[4],,
43012,[156],,"[404,405,406,407]",1,[4],场上保证两条大鱼,
44001,[157],,"[501,502]",1,[4],,
44002,[158],,"[501,502]",1,[4],奖券或钻石定时刷新一只,
45001,[159],,"[601,602]",1,[4],,
45002,[160],,"[601,602]",1,[4],,
45003,[161],,"[601,602]",1,[4],特殊鱼保证一只,
46001,[162],,[710],1,[4],,
46002,[163],,[711],1,[4],,
46003,[164],,[712],1,[4],BOSS定时刷新一只,
47001,"[124,124,124,124,124,124,124,124,124,124,159,124,124,124,124,124,124,124,124,124,124,159,124,124,124,124,124,124,124,124,124,124,159,124,124,124,124,124,124,124,124,124,124]","[0.5,0.5,0.5,0.5,0.5,0.5,0.5,0.5,0.5,0.5,0.5,0.5,0.5,0.5,0.5,0.5,0.5,0.5,0.5,0.5,0.5,0.5,0.5,0.5,0.5,0.5,0.5,0.5,0.5,0.5,0.5,0.5,0.5]","[801,802,803,804,805,806,807,808]",1,[4],,
47002,"[125,125,125,125,125,125,125,125,125,125,159,125,125,125,125,125,125,125,125,125,125,159,125,125,125,125,125,125,125,125,125,125,159,125,125,125,125,125,125,125,125,125,125]","[0.5,0.5,0.5,0.5,0.5,0.5,0.5,0.5,0.5,0.5,0.5,0.5,0.5,0.5,0.5,0.5,0.5,0.5,0.5,0.5,0.5,0.5,0.5,0.5,0.5,0.5,0.5,0.5,0.5,0.5,0.5,0.5,0.5]","[801,802,803,804,805,806,807,808]",1,[4],,
47003,"[126,126,126,126,126,126,126,126,126,126,159,126,126,126,126,126,126,126,126,126,126,159,126,126,126,126,126,126,126,126,126,126,159,126,126,126,126,126,126,126,126,126,126]","[0.5,0.5,0.5,0.5,0.5,0.5,0.5,0.5,0.5,0.5,0.5,0.5,0.5,0.5,0.5,0.5,0.5,0.5,0.5,0.5,0.5,0.5,0.5,0.5,0.5,0.5,0.5,0.5,0.5,0.5,0.5,0.5,0.5]","[801,802,803,804,805,806,807,808]",1,[4],,
47004,"[127,127,127,127,127,127,127,127,127,127,159,127,127,127,127,127,127,127,127,127,127,159,127,127,127,127,127,127,127,127,127,127,159,127,127,127,127,127,127,127,127,127,127]","[0.5,0.5,0.5,0.5,0.5,0.5,0.5,0.5,0.5,0.5,0.5,0.5,0.5,0.5,0.5,0.5,0.5,0.5,0.5,0.5,0.5,0.5,0.5,0.5,0.5,0.5,0.5,0.5,0.5,0.5,0.5,0.5,0.5]","[801,802,803,804,805,806,807,808]",1,[4],,
47005,"[128,128,128,128,128,128,128,128,128,128,159,128,128,128,128,128,128,128,128,128,128,159,128,128,128,128,128,128,128,128,128,128,159,128,128,128,128,128,128,128,128,128,128]","[0.5,0.5,0.5,0.5,0.5,0.5,0.5,0.5,0.5,0.5,0.5,0.5,0.5,0.5,0.5,0.5,0.5,0.5,0.5,0.5,0.5,0.5,0.5,0.5,0.5,0.5,0.5,0.5,0.5,0.5,0.5,0.5,0.5]","[801,802,803,804,805,806,807,808]",1,[4],鱼潮,
53001,[165],,[408],1,[5],龙晶战场保证7条大鱼,
53002,[166],,[408],1,[5],,
53003,[167],,[408],1,[5],,
53004,[168],,[408],1,[5],,
53005,[169],,[408],1,[5],,
53006,[170],,[408],1,[5],,
53007,[171],,[408],1,[5],,
53008,[172],,[408],1,[5],,
53009,[173],,[408],1,[5],,
53010,[174],,[408],1,[5],,
53011,[175],,[408],1,[5],,
53012,[176],,[408],1,[5],,
53013,[177],,[408],1,[5],,
53014,[178],,[408],1,[5],,
53015,[179],,[408],1,[5],,
53016,[180],,[408],1,[5],,
53017,[181],,[408],1,[5],,
53018,[182],,[408],1,[5],,
53019,[183],,[408],1,[5],,
53020,[184],,[408],1,[5],,
53021,[185],,[408],1,[5],,
53022,[186],,[408],1,[5],,
53023,[187],,[408],1,[5],1,
53024,[165],,[409],1,[5],,
53025,[166],,[409],1,[5],,
53026,[167],,[409],1,[5],,
53027,[168],,[409],1,[5],,
53028,[169],,[409],1,[5],,
53029,[170],,[409],1,[5],,
53030,[171],,[409],1,[5],,
53031,[172],,[409],1,[5],,
53032,[173],,[409],1,[5],,
53033,[174],,[409],1,[5],,
53034,[175],,[409],1,[5],,
53035,[176],,[409],1,[5],,
53036,[177],,[409],1,[5],,
53037,[178],,[409],1,[5],,
53038,[179],,[409],1,[5],,
53039,[180],,[409],1,[5],,
53040,[181],,[409],1,[5],,
53041,[182],,[409],1,[5],,
53042,[183],,[409],1,[5],,
53043,[184],,[409],1,[5],,
53044,[185],,[409],1,[5],,
53045,[186],,[409],1,[5],,
53046,[187],,[409],1,[5],2,
53047,[165],,[410],1,[5],,
53048,[166],,[410],1,[5],,
53049,[167],,[410],1,[5],,
53050,[168],,[410],1,[5],,
53051,[169],,[410],1,[5],,
53052,[170],,[410],1,[5],,
53053,[171],,[410],1,[5],,
53054,[172],,[410],1,[5],,
53055,[173],,[410],1,[5],,
53056,[174],,[410],1,[5],,
53057,[175],,[410],1,[5],,
53058,[176],,[410],1,[5],,
53059,[177],,[410],1,[5],,
53060,[178],,[410],1,[5],,
53061,[179],,[410],1,[5],,
53062,[180],,[410],1,[5],,
53063,[181],,[410],1,[5],,
53064,[182],,[410],1,[5],,
53065,[183],,[410],1,[5],,
53066,[184],,[410],1,[5],,
53067,[185],,[410],1,[5],,
53068,[186],,[410],1,[5],,
53069,[187],,[410],1,[5],3,
53070,[165],,[411],1,[5],,
53071,[166],,[411],1,[5],,
53072,[167],,[411],1,[5],,
53073,[168],,[411],1,[5],,
53074,[169],,[411],1,[5],,
53075,[170],,[411],1,[5],,
53076,[171],,[411],1,[5],,
53077,[172],,[411],1,[5],,
53078,[173],,[411],1,[5],,
53079,[174],,[411],1,[5],,
53080,[175],,[411],1,[5],,
53081,[176],,[411],1,[5],,
53082,[177],,[411],1,[5],,
53083,[178],,[411],1,[5],,
53084,[179],,[411],1,[5],,
53085,[180],,[411],1,[5],,
53086,[181],,[411],1,[5],,
53087,[182],,[411],1,[5],,
53088,[183],,[411],1,[5],,
53089,[184],,[411],1,[5],,
53090,[185],,[411],1,[5],,
53091,[186],,[411],1,[5],,
53092,[187],,[411],1,[5],4,
53093,[165],,[412],1,[5],,
53094,[166],,[412],1,[5],,
53095,[167],,[412],1,[5],,
53096,[168],,[412],1,[5],,
53097,[169],,[412],1,[5],,
53098,[170],,[412],1,[5],,
53099,[171],,[412],1,[5],,
53100,[172],,[412],1,[5],,
53101,[173],,[412],1,[5],,
53102,[174],,[412],1,[5],,
53103,[175],,[412],1,[5],,
53104,[176],,[412],1,[5],,
53105,[177],,[412],1,[5],,
53106,[178],,[412],1,[5],,
53107,[179],,[412],1,[5],,
53108,[180],,[412],1,[5],,
53109,[181],,[412],1,[5],,
53110,[182],,[412],1,[5],,
53111,[183],,[412],1,[5],,
53112,[184],,[412],1,[5],,
53113,[185],,[412],1,[5],,
53114,[186],,[412],1,[5],,
53115,[187],,[412],1,[5],5,
53116,[165],,[413],1,[5],,
53117,[166],,[413],1,[5],,
53118,[167],,[413],1,[5],,
53119,[168],,[413],1,[5],,
53120,[169],,[413],1,[5],,
53121,[170],,[413],1,[5],,
53122,[171],,[413],1,[5],,
53123,[172],,[413],1,[5],,
53124,[173],,[413],1,[5],,
53125,[174],,[413],1,[5],,
53126,[175],,[413],1,[5],,
53127,[176],,[413],1,[5],,
53128,[177],,[413],1,[5],,
53129,[178],,[413],1,[5],,
53130,[179],,[413],1,[5],,
53131,[180],,[413],1,[5],,
53132,[181],,[413],1,[5],,
53133,[182],,[413],1,[5],,
53134,[183],,[413],1,[5],,
53135,[184],,[413],1,[5],,
53136,[185],,[413],1,[5],,
53137,[186],,[413],1,[5],,
53138,[187],,[413],1,[5],6,
53139,[165],,[414],1,[5],,
53140,[166],,[414],1,[5],,
53141,[167],,[414],1,[5],,
53142,[168],,[414],1,[5],,
53143,[169],,[414],1,[5],,
53144,[170],,[414],1,[5],,
53145,[171],,[414],1,[5],,
53146,[172],,[414],1,[5],,
53147,[173],,[414],1,[5],,
53148,[174],,[414],1,[5],,
53149,[175],,[414],1,[5],,
53150,[176],,[414],1,[5],,
53151,[177],,[414],1,[5],,
53152,[178],,[414],1,[5],,
53153,[179],,[414],1,[5],,
53154,[180],,[414],1,[5],,
53155,[181],,[414],1,[5],,
53156,[182],,[414],1,[5],,
53157,[183],,[414],1,[5],,
53158,[184],,[414],1,[5],,
53159,[185],,[414],1,[5],,
53160,[186],,[414],1,[5],,
53161,[187],,[414],1,[5],7,
56001,[188],,[701],1,[5],,
56002,[189],,[702],1,[5],,
56003,[190],,[703],1,[5],,
56004,[191],,[704],1,[5],,
56005,[192],,[705],1,[5],,
56006,[193],,[706],1,[5],,
56007,[194],,[707],1,[5],,
56008,[195],,[708],1,[5],,
56009,[196],,[709],1,[5],,
56010,[197],,[710],1,[5],,
56011,[198],,[711],1,[5],,
56012,[199],,[712],1,[5],经典渔场BOSS12只,
57001,[200],,[713],1,[5],金龙随机房间刷新一只,
